company,type,city,website,domain,careers_url,status,source_type,ats,confidence,evidence
101XP,Developer and Publisher,Nicosia,https://101xp.com/,101xp.com,,error,,,0,error:FeatureNotFound
AB Games,Mobile,Limassol,https://ab-games.com/,ab-games.com,https://ab-games.com/jobs/2d-visual-content-maker/,found,custom,,68,homepage-link:Remote Київ Рівне hot 2D / Visual Content Maker | career-like-url
Amrita Studio,Developer,Rowye,https://amrita.studio/,amrita.studio,https://amrita.studio/career,possible,custom,,62,homepage-link:Career | page:join our team | career-like-url
AppQuantum,Developer and Publisher,Limassol,https://appquantum.com/,appquantum.com,https://appquantum.pinpointhq.com/,found,custom,,89,homepage-link:Careers | page:open positions | page:view jobs
Artstorm,Mobile,Limassol,https://artstorm.com/,artstorm.com,https://artstorm.com/en-US/careers,found,custom,,85,homepage-link:Careers | career-like-url
Ascanio,Extended Reality (XR),Nicosia,https://ascanio.io/,ascanio.io,https://ascanio.io/careers,possible,custom,,55,common-path:/careers | career-like-url
AtentGames,Developer,Nicosia,https://atentgames.com/,atentgames.com,,error,,,0,error:FeatureNotFound
AurumDust,Developer,Nicosia,https://aurumdust.com/,aurumdust.com,,error,,,0,error:FeatureNotFound
Awem Games,Mobile,Paphos,https://awem.com/,awem.com,https://awem.com/careers,found,custom,,100,homepage-link:Вакансии | page:вакансии | career-like-url
Azur Games,Mobile,Strovolos,https://azurgames.com/,azurgames.com,,error,,,0,error:FeatureNotFound
Belka Games,Mobile,Limassol,https://belka-games.com/,belka-games.com,https://belka-games.com/careers,possible,custom,,55,common-path:/careers | career-like-url
BIT.GAMES,Mobile,Limassol,https://bit.games/,bit.games,https://bit.games/job,possible,custom,,48,homepage-link:jobs
Burny Games,Developer,Nicosia,https://www.burny.games/,burny.games,https://careers.burny.games/,found,custom,,100,homepage-link:Careers | page:job openings | page:apply now | career-like-url
Chillbase,Mobile,Nicosia,https://chillbase.net/,chillbase.net,https://chillbase.net/vacancies/,found,custom,,67,homepage-link:All categories : new | page:open positions | career-like-url
Colossi Games,Mobile,Limassol,https://www.colossi.games,colossi.games,https://www.colossi.games/vacancies/,found,custom,,79,homepage-link:Vacancies | page:job openings | page:apply now | career-like-url
Critical Reflex,Publisher,Nicosia,https://criticalreflex.com/,criticalreflex.com,https://www.criticalreflex.com/jobs,found,custom,,80,homepage-link:JOBS | page:job openings | career-like-url
Cubic Games (Nexters),Mobile,Limassol,https://cubicgames.com/,cubicgames.com,https://cubicgames.com/job/,possible,custom,,53,homepage-link:Job Vacancies 0
Cyril Megem (Nominia),Microstudio,Paphos,http://warshift.net/,warshift.net,,error,,,0,error:FeatureNotFound
DEUSCRAFT,Mobile,Limassol,https://www.deuscraft.com/,deuscraft.com,,error,,,0,error:FeatureNotFound
Domini Games,Developer,Limassol,https://dominigames.com/,dominigames.com,,error,,,0,error:FeatureNotFound
Ducky,Mobile,Limassol,https://playducky.com/,playducky.com,,error,,,0,error:FeatureNotFound
Easybrain (Miniclip),Mobile,Limassol,https://www.easybrain.com,easybrain.com,https://easybrain.com/careers,found,custom,,100,homepage-link:All Jobs | page:job openings | page:apply now | career-like-url
Emotion Spark Studio,Developer,Nicosia,http://emotion.mycpanel.rs/,emotion.mycpanel.rs,,unreachable,,,0,homepage-unreachable
Eschatology Entertainment,Developer,Nicosia,https://eschatology-entertainment.com/,eschatology-entertainment.com,,error,,,0,error:FeatureNotFound
ESDigital Games,Developer and Publisher,Limassol,https://esdigital.games/,esdigital.games,,error,,,0,error:FeatureNotFound
Game Gears (GDEV),Mobile,Limassol,https://www.gamegears.online/,gamegears.online,,not_found,,,0,
GDEV,Publisher,Limassol,https://www.gdev.inc/,gdev.inc,,not_found,,,0,
Gem Capital,Investment,Paphos,https://gem.capital/,gem.capital,https://gem.capital/2025/02/06/join-us-at-the-wn-conference-abu-dhabi-2025/,possible,custom,,55,common-path:/join-us | career-like-url
Green Grey Holding,Developer and Publisher,Limassol,https://greengreyholding.com/,greengreyholding.com,,error,,,0,error:FeatureNotFound
Guli Games,Mobile,Nicosia,https://guli-games.com/,guli-games.com,https://www.guli-games.com/jobs,found,custom,,80,homepage-link:Jobs | page:вакансии | career-like-url
HeroCraft,Developer and Publisher,Nicosia,https://herocraft.com/,herocraft.com,https://herocraft.com/ru/company/career/,possible,custom,,62,homepage-link:Карьера | page:вакансии | career-like-url
HolyDay Studios,Developer,Nicosia,https://www.holydaygames.com,holydaygames.com,,error,,,0,error:FeatureNotFound
Hot Siberians,Mobile,Limassol,https://hotsiberians.com/,hotsiberians.com,,error,,,0,error:FeatureNotFound
Hyperhug,Mobile,Limassol,https://hyperhug.io/,hyperhug.io,https://jobs.ashbyhq.com/hyperhug,found,ats,ashby,100,homepage-link:Apply | career-like-url | ats:ashby
HypeTrain Digital,Developer and Publisher,Nicosia,https://hypetraindigital.com/,hypetraindigital.com,https://hypetraindigital.com/jobs,found,custom,,68,homepage-link:jobs | career-like-url
Lesser Evil Games,Developer,Nicosia,https://executionergame.com/,executionergame.com,,unreachable,,,0,homepage-unreachable
Light Hour Games (GDEV),Mobile,Limassol,https://www.lighthour.games/,lighthour.games,,error,,,0,error:FeatureNotFound
Made on Earth Games,Mobile,Limassol,https://madeonearth.games/,madeonearth.games,,not_found,,,0,
MGVC (My.Games),Investment,Limassol,https://mgvc.com/,mgvc.com,,error,,,0,error:FeatureNotFound
MGVC Publishing (My.Games),Publisher,Limassol,https://about.my.games/publishing,about.my.games,https://careers.my.games/?_1ld=3836064_1&_1lpid=130408,found,custom,,85,homepage-link:Careers | career-like-url
Mika Games,Mobile,Nicosia,https://www.mika.games/,mika.games,https://www.mika.games/careers,found,custom,,85,homepage-link:Careers | career-like-url
Mundfish,Developer,Paphos,https://mundfish.com/,mundfish.com,,unreachable,,,0,homepage-unreachable
Mundfish Powerhouse,Publisher,Paphos,https://mundfish.com/,mundfish.com,,unreachable,,,0,homepage-unreachable
Murka Games,Developer,Limassol,https://murka.com/,murka.com,https://murka.com/careers,possible,custom,,55,common-path:/careers | career-like-url
My.Games,Online,Limassol,https://my.games,my.games,https://careers.my.games,possible,custom,,55,common-path:/careers | career-like-url
Narhwal Accelerator,Incubator/Accelerator,Paphos,https://narwhal.ax/,narwhal.ax,,not_found,,,0,
Nekki,Mobile,Limassol,https://nekki.com/,nekki.com,https://nekki.com/vacancy/cascadeur-shablon-2/,possible,custom,,50,"homepage-link:PHP Backend Developer, Remote | career-like-url"
New Folder Games,Extended Reality (XR),Paphos,https://newfolderstudio.com/,newfolderstudio.com,https://newfolderstudio.com/careers,found,custom,,97,homepage-link:CAREERS | page:join our team | career-like-url
Nexters (GDEV),Mobile,Larnaca,https://www.nexters.com/,nexters.com,,not_found,,,0,
Nexters (GDEV),Mobile,Limassol,https://www.nexters.com/,nexters.com,,not_found,,,0,
Nice Plans Studio,Mobile,Limassol,https://niceplans.studio/,niceplans.studio,,error,,,0,error:FeatureNotFound
Nival,Developer,Limassol,https://en.nival.com/,en.nival.com,https://nival.com/career/vacancies,found,custom,,100,homepage-link:CAREERS | page:job openings | page:career opportunities | career-like-url
Nova Assembly,Organization,Limassol,https://novaassembly.com/,novaassembly.com,,error,,,0,error:FeatureNotFound
Obelisk Studio,Developer,Limassol,https://obeliskstd.com/,obeliskstd.com,,not_found,,,0,
Outfit7,Mobile,Pissouri,https://outfit7.com/,outfit7.com,https://outfit7.com/careers/jobs,found,custom,,100,homepage-link:Explore all open job openings | page:open positions | career-like-url
Owlcat Games,Developer,Paphos,https://owlcat.games/,owlcat.games,https://owlcat.games/careers,found,custom,,97,homepage-link:Careers | page:open positions | career-like-url
Pixonic,Mobile,Limassol,https://pixonic.com/,pixonic.com,,not_found,,,0,
Playkot,Mobile,Limassol,https://en.playkot.com,en.playkot.com,https://playkot.com/jobs,found,custom,,100,homepage-link:Careers | career-like-url
Playrix,Mobile,Limassol,https://playrix.com/,playrix.com,https://playrix.com/careers,possible,custom,,55,common-path:/careers | career-like-url
Polden Publishing,Publisher,Nicosia,https://www.polden.gg/,polden.gg,,not_found,,,0,
Press Fire Games,Mobile,Limassol,https://www.pressfire.com/,pressfire.com,https://www.pressfire.com/career,possible,custom,,55,common-path:/career | career-like-url
Qumaron,Developer and Publisher,Nicosia,https://www.qumaron.com,qumaron.com,https://qumaron.com/careers/,possible,custom,,55,common-path:/careers | career-like-url
Rainstyle Games,Mobile,Larnaca,https://rainstylegames.com/,rainstylegames.com,https://rainstylegames.com/careers/,found,custom,,85,homepage-link:Careers | career-like-url
ReactGames Studio,Mobile,Paphos,https://react-games.studio/,react-games.studio,https://react-games.studio/rgs_career,possible,custom,,50,homepage-link:Career | career-like-url
Red Brix Wall,Mobile,Nicosia,https://redbrixwall.com/,redbrixwall.com,,not_found,,,0,
redux.games,Mobile,Limassol,https://redux.games/,redux.games,,not_found,,,0,
Reef Games Studio,Mobile,Paphos,https://reefgames.ltd/,reefgames.ltd,,error,,,0,error:FeatureNotFound
RetroStyle Games,Developer,Limassol,https://retrostylegames.com/,retrostylegames.com,https://retrostylegames.com/careers/,found,custom,,97,homepage-link:Careers | page:apply now | career-like-url
RJ Games (Nexters),Mobile,Limassol,https://rj-games.com/,rj-games.com,https://rj-games.com/careers,possible,custom,,55,common-path:/careers | career-like-url
Say Games,Publisher,Limassol,https://saygames.by/,saygames.by,https://say.games/jobs/,found,custom,,100,homepage-link:Careers | page:open positions | career-like-url
Say Games,Publisher,Paphos,https://saygames.by/,saygames.by,https://say.games/jobs/,found,custom,,100,homepage-link:Careers | page:open positions | career-like-url
Shaman Games Studio,Developer,Paphos,https://shamangs.com/,shamangs.com,,not_found,,,0,
Studio42,Mobile,Limassol,https://std42.com/,std42.com,https://std42.com/vacancies,possible,custom,,55,common-path:/vacancies | career-like-url
Sunday Games,Mobile,Erimi,https://sunday.games/,sunday.games,https://sunday.games/careers/,found,custom,,85,homepage-link:CAREERS | career-like-url
Tamasenco,Developer,Limassol,https://tamasenco.com/,tamasenco.com,https://tamasenco.com/careers/,found,custom,,97,homepage-link:Careers | page:join our team | career-like-url
Team Clout,Developer,Nicosia,https://www.clout.games,clout.games,https://www.clout.games/careers,found,custom,,97,homepage-link:Careers | page:join our team | career-like-url
TrueMyth Games,Mobile,Limassol,https://www.truemythgames.com,truemythgames.com,https://www.truemythgames.com/game-content-creator-internship.html,found,custom,,100,homepage-link:Careers | schema:JobPosting
Unfrozen Studios,Developer,Limassol,https://unfrozen.studio/,unfrozen.studio,https://unfrozen.studio/jobs/,found,custom,,80,homepage-link:Jobs | page:open positions | career-like-url
VEA Games,Developer,Limassol,https://www.veagames.com/,veagames.com,,error,,,0,error:FeatureNotFound
Wargaming Cyprus,Online,Nicosia,https://wargaming.com/,wargaming.com,https://wargaming.com/en/careers/,found,custom,,97,homepage-link:Careers | page:job openings | career-like-url
Weappy Studio,Developer,Limassol,https://weappy-studio.com/,weappy-studio.com,,error,,,0,error:FeatureNotFound
XDevs,Developer,Nicosia,https://xdevs.ltd/,xdevs.ltd,https://xdevs.ltd/careers,possible,custom,,55,common-path:/careers | career-like-url
